{"hippo": [{"pos": [-73.0105209350586, -64.80916595458984], "rot": 2.927032709121704}], "crocodile": [{"pos": [-81.50129699707031, -68.35157012939453], "rot": 2.549144744873047}, {"pos": [-82.7459945678711, -72.08187103271484], "rot": 1.5075775384902954}], "flamingo": [{"pos": [-76.78507995605469, -67.53413391113281], "rot": 1.3689911365509033}, {"pos": [-68.41046905517578, -68.55125427246094], "rot": 0.74245685338974}]}