{"hippo": [], "crocodile": [{"pos": [17.150026321411133, 66.93809509277344], "rot": 0.6182928681373596}, {"pos": [14.732751846313477, 66.1233139038086], "rot": 0.09373302757740021}], "flamingo": []}